Gemeinde,Einwohner,Flaeche_km2,Einwohner_je_km2,Gemeindeart,Verwaltungsgemeinschaft,Ortsteile,Rathaus,Website,Bearbeiter,Letzte_Pruefung,Erhebungsstatus,Allgemeinmedizin,Praktische_Aerzte,Innere_Medizin,Kinder_Jugendmedizin,Frauenheilkunde,HNO,Augenheilkunde,Hautkrankheiten,Orthopaedie,Chirurgie,Neurologie,Psychiatrie_Psychotherapie,Urologie,Anaesthesiologie,Radiologie,Weitere_Fachgebiete,Psychologische_Psychotherapie,Kinder_Jugendlichenpsychotherapie,Zahnaerzte,Kieferorthopaedie,Oeffentliche_Apotheken,Physiotherapie,Ergotherapie,Logopadie_Sprachtherapie,Podologie,Ernaehrungstherapie,Ambulante_Pflegedienste,Vollstationaere_Pflege,Tagespflege,Kurzzeitpflege,Krankenhausstandorte,Rehabilitationseinrichtungen,Stationaere_Hospize,Bemerkung,Summe_Aerztliche_Fachgebietseintraege,Summe_Psychotherapie,Summe_Zahnaerztliche_Personen,Zahnaerztliche_Personen,Summe_Heilmittelpraxen,Summe_Pflegeeinrichtungen_Dienste,Summe_Krankenhaus_Reha_Hospiz
Adelschlag,2981,51.98,57.35,Gemeinde,VG Nassenfels,"Ochsenfeld, Pietenfeld, Möckenlohe, Adelschlag, Fasanerie, Moritzbrunn, Prielhof, Tempelhof, Untermöckenlohe, Waldhütte, Weißenkirchen, Wittenfeld, Ziegelhütte","Schulstraße 9, 85128 Nassenfels",https://www.adelschlag.de,JZ,12.08.2026,vollständig,0,0,0,0,0,0,0,0,0,0,0,0,0,0,0,0,0,1,0,0,0,0,0,0,0,0,0,0,0,0,0,0,0,,0,1,0,0,0,0,0
Altmannstein,7195,114.18,63.01,Markt,keine,"Althexenagger, Altmannstein, Berghausen, Biber, Breitenhill, Bruckhof, Hagenhill, Hexenagger, Mendorf, Neuenhinzenhausen, Pondorf, Sandersdorf, Schamhaupten, Steinsdorf, Tettenwang u.a.","Marktplatz 4, 93336 Altmannstein",https://www.altmannstein.de,JZ,12.08.2026,vollständig,3,0,0,0,0,0,0,0,0,0,0,0,0,0,0,0,0,0,0,0,1,2,0,0,0,0,1,1,1,0,0,0,0,Fachstelle für pflegende Angehörige Hagenhill vorhanden,3,0,0,0,2,3,0
Beilngries,10242,100.07,102.35,Stadt,keine,"Beilngries, Amtmannsdorf, Arnbuch, Aschbuch, Biberbach, Eglofsdorf, Grampersdorf, Hirschberg, Irfersdorf, Kottingwörth, Neuzell, Paulushofen, Wolfsbuch u.a.","Hauptstraße 24, 92339 Beilngries",https://www.beilngries.de,JZ,12.08.2026,vollständig,8,3,3,4,6,1,7,1,3,0,0,0,1,0,0,0,1,0,3,1,2,5,3,4,1,0,1,1,1,1,0,0,0,Kieferorthopädie auf AOK Arztsuche,37,1,4,4,13,4,0
Böhmfeld,1697,16.27,104.3,Gemeinde,VG Eitensheim,Böhmfeld,"Eichstätter Straße 8, 85117 Eitensheim",https://www.boehmfeld.eu,JZ,12.08.2026,vollständig,0,0,0,0,0,0,0,0,0,0,0,0,0,0,0,0,1,0,0,0,0,0,0,0,0,0,0,0,0,0,0,0,0,Psychotherapie auf AOK Arztsuche,0,1,0,0,0,0,0
Buxheim,3771,22.53,167.38,Gemeinde,keine,"Buxheim, Moosbauer, Moosmühle, Hessenhof, Reinboldsmühle, Tauberfeld","Dorfplatz 2, 85114 Buxheim",https://www.buxheim.eu,JZ,12.08.2026,vollständig,1,0,0,0,0,0,0,0,0,0,0,0,0,0,0,0,1,0,0,0,0,1,0,0,0,0,1,0,0,0,0,0,0,,1,1,0,0,1,1,0
Denkendorf,5059,47.84,105.75,Gemeinde,keine,"Altenberg, Denkendorf, Zandt, Schönbrunn, Dörndorf, Bitz, Gelbelsee, Riedelshof, Straßhaus, Straßhäusl","Wassertal 2, 85095 Denkendorf",https://www.gemeinde-denkendorf.de,JZ,12.08.2026,vollständig,5,0,0,0,0,0,0,0,0,0,0,0,0,0,0,0,1,0,0,0,1,3,1,1,0,0,0,1,1,1,0,0,0,lt. Homepage 1 ZA vorhanden; Registerwert 0 wegen Opt-In,5,1,0,0,5,3,0
Dollnstein,2850,40.51,70.35,Markt,keine,"Dollnstein, Ried, Groppenhof, Obereichstätt, Eberswang, Hagenacker, Breitenfurt, Bubenrother Mühle, Attenbrunner Mühle, Ziegelhütte","Papst-Viktor-Straße 35, 91795 Dollnstein",https://www.dollnstein.de,JZ,12.08.2026,vollständig,1,0,0,0,0,0,0,0,0,0,0,0,0,0,0,0,1,0,1,0,1,1,0,0,0,0,0,0,0,0,0,0,0,,1,1,1,1,1,0,0
Egweil,1247,9.39,132.8,Gemeinde,VG Nassenfels,"Oberhaidmühle, Unterhaidmühle, Egweil","Schulstraße 9, 85128 Nassenfels",https://www.egweil.de,JZ,16.08.2026,vollständig,0,0,0,0,0,0,0,0,0,0,0,0,0,0,0,0,0,0,0,0,0,0,0,0,0,0,0,0,0,0,0,0,0,,0,0,0,0,0,0,0
Eichstätt (Stadt),14066,47.78,294.39,Große Kreisstadt,keine,"Blumenberg, Eichstätt, Buchenhüll, Häringhof, Lüften, Landershofen, Marienstein, Pietenfeld a.d.L., Rebdorf, Wasserzell, Wimpasing, Ziegelhof, Wintershof","Marktplatz 11, 85072 Eichstätt",https://www.eichstaett.de,JZ,16.08.2026,vollständig,16,0,13,5,3,3,3,2,8,1,4,14,1,1,2,2,3,0,8,2,4,11,2,0,1,0,1,2,2,2,1,0,0,Klinik Eichstätt vorhanden; Geriatrie/Gastroenterologie unter Weitere Fachgebiete; Oralchirurgie bei ZÄ,78,3,10,10,14,7,1
Eitensheim,3030,15.71,192.87,Gemeinde,VG Eitensheim,Eitensheim,"Eichstätter Straße 8, 85117 Eitensheim",https://www.eitensheim.de,JZ,16.08.2026,vollständig,2,0,1,1,0,0,0,0,0,0,0,1,0,0,0,0,0,1,0,0,1,1,0,1,0,0,0,0,0,0,0,0,0,,5,1,0,0,2,0,0
Gaimersheim,12526,28.21,444.03,Markt,keine,"Gaimersheim, Lippertshofen, Gabel, Rackertshofen","Marktplatz 3, 85080 Gaimersheim",https://www.gaimersheim.de,JZ,16.08.2026,vollständig,9,2,0,0,1,0,1,0,0,0,2,2,0,0,0,0,1,0,3,0,2,3,0,0,1,0,2,1,1,1,0,0,0,Arzt.bayern Treffer bei praktischen Ärzten,17,1,3,3,4,5,0
Großmehring,7498,47.42,158.12,Gemeinde,keine,"Großmehring, Kleinmehring, InterPark, Demling, Katharinenberg, Pettling, Straßhausen, Theißing, Tholbath","Marienplatz 10, 85098 Großmehring",https://www.grossmehring.de,JZ,16.08.2026,vollständig,3,0,0,0,0,0,0,0,0,0,0,0,0,0,0,0,1,0,0,0,1,0,0,0,0,0,1,0,0,0,0,0,0,,3,1,0,0,0,1,0
Hepberg,3077,4.16,739.66,Gemeinde,keine,Hepberg,"Schulstraße 5, 85120 Hepberg",https://www.hepberg.de,JZ,16.08.2026,vollständig,1,0,0,0,0,0,0,0,0,0,0,0,0,0,0,0,1,0,0,0,0,2,0,0,0,0,0,0,0,0,0,0,0,,1,1,0,0,2,0,0
Hitzhofen,3022,33.79,89.43,Gemeinde,keine,"Baumfeld, Hitzhofen, Hofstetten, Mühlthal, Oberzell","Kirchweg 12, 85122 Hitzhofen",https://www.hitzhofen.de,JZ,16.08.2026,vollständig,0,0,0,0,0,0,0,0,0,0,0,0,0,0,0,0,0,0,0,0,0,0,0,0,0,0,0,0,0,0,0,0,0,,0,0,0,0,0,0,0
Kinding,2600,51.72,50.27,Markt,keine,"Badanhausen, Berletzhausen, Eibwang, Enkering, Erlingshofen, Haunstetten, Ilbling, Kinding, Kirchanhausen, Kratzmühle, Niefang, Pfraundorf, Schafhausen, Unteremmendorf","Kipfenberger Straße 4, 85125 Kinding",https://www.kinding.de,JZ,19.08.2026,vollständig,0,0,0,0,0,0,0,0,0,0,0,0,0,0,0,0,0,0,0,0,0,0,0,1,0,0,0,0,0,0,0,0,0,,0,0,0,0,1,0,0
Kipfenberg,5835,81.43,71.66,Markt,keine,"Arnsberg, Attenzell, Biberg, Birkthalmühle, Böhming, Böllermühle, Buch, Dunsdorf, Grösdorf, Hirnstetten, Irlahüll, Kemathen, Kipfenberg, Krut, Oberemmendorf, Pfahldorf, Regelmannsbrunn, Schambach, Schelldorf","Marktplatz 2, 85110 Kipfenberg",https://www.kipfenberg.de,JZ,19.08.2026,vollständig,1,0,0,0,0,0,0,0,0,0,2,0,0,0,0,0,1,0,2,0,1,3,1,1,1,0,1,0,0,0,1,0,0,Klinik Kipfenberg (Neurologisches Zentrum / Reha) vor Ort; Hauswirtschaftlicher Fachservice e.V.,3,1,2,2,6,1,1
Kösching,9737,55.67,174.91,Markt,keine,"Bettbrunn, Desching, Hellmannsberg, Interpark, Kasing, Kösching","Marktplatz 1, 85092 Kösching",https://www.markt-koesching.de,JZ,19.08.2026,vollständig,15,5,0,2,9,0,0,5,13,0,2,0,2,1,0,0,2,3,1,0,2,2,1,1,0,0,1,0,0,0,1,0,0,Klinik Kösching (Krankenhaus der Grund- und Regelversorgung) vor Ort,54,5,1,1,4,1,1
Lenting,4980,8.48,587.26,Gemeinde,keine,"Desching, Kalkbrenner, Lenting, Lentinger Mühle","Rathausplatz 1, 85101 Lenting",https://www.lenting.de,JZ,19.08.2026,vollständig,5,0,0,0,0,0,0,0,0,0,0,0,0,0,0,0,0,0,2,0,1,1,0,1,0,0,0,0,0,0,0,0,0,,5,0,2,2,2,0,0
Mindelstetten,1822,22.69,80.3,Gemeinde,VG Pförring,"Grashausen, Hiendorf, Hüttenhausen, Imbath, Mindelstetten, Oberoffendorf, Offendorf, Stockau, Tettenagger, Weiher","Mayer-Platz 1, 93349 Mindelstetten",https://www.mindelstetten.de,JZ,19.08.2026,vollständig,1,0,0,0,0,0,0,0,0,0,0,0,0,1,0,0,0,0,0,0,0,0,0,0,0,0,0,0,0,0,0,0,0,,2,0,0,0,0,0,0
Mörnsheim,1523,33.46,45.52,Markt,keine,"Mörnsheim, Altendorf, Apfelthal, Ensfeld, Haunsfeld, Lichtenberg, Mühlheim u.a.","Kastnerplatz 1, 91804 Mörnsheim",https://www.moernsheim.de,JZ,19.08.2026,vollständig,0,0,0,0,0,0,0,0,0,0,0,0,0,0,0,0,0,0,0,0,0,1,0,0,0,0,0,0,0,0,0,0,0,,0,0,0,0,1,0,0
Nassenfels,2351,18.43,127.56,Markt,VG Nassenfels,"Nassenfels, Meilenhofen, Zell an der Speck, Wolkertshofen, Sächenfahrtmühle, Aumühle","Schulstraße 9, 85128 Nassenfels",https://www.nassenfels.de,JZ,19.08.2026,vollständig,0,0,0,0,0,0,0,0,0,0,0,0,0,0,0,0,0,0,0,0,1,0,0,0,0,0,0,0,0,0,0,0,0,,0,0,0,0,0,0,0
Oberdolling,1371,19.37,70.78,Gemeinde,VG Pförring,"Oberdolling, Unterdolling, Hagenstetten, Harlanden, Weißendorf, St. Lorenzi","Hauptstraße 1, 85129 Oberdolling",https://www.oberdolling.de,JZ,19.08.2026,vollständig,0,0,0,0,0,0,0,0,0,0,0,0,0,0,0,0,0,0,0,0,0,0,0,0,0,0,0,0,0,0,0,0,0,,0,0,0,0,0,0,0
Pförring,4100,43.52,94.21,Markt,VG Pförring,"Wackerstein, Lobsing, Forchheim, Ettling, Gaden, Pirkenbrunn, Pförring u.a.","Marktplatz 1, 85104 Pförring",https://pfoerring.de,JZ,19.08.2026,vollständig,1,0,0,0,0,0,0,0,0,0,0,0,0,0,0,0,0,0,1,0,1,0,0,0,0,0,0,1,0,0,0,0,0,,1,0,1,1,0,1,0
Pollenfeld,3051,45.65,66.83,Gemeinde,VG Eichstätt,"Götzelshard, Pollenfeld, Preith, Seuversholz, Sornhüll, Wachenzell, Weigersdorf, Wörmersdorf","Gundekarstraße 7a, 85072 Eichstätt",https://www.pollenfeld.de,JZ,19.08.2026,vollständig,1,0,0,0,0,0,0,0,0,0,0,0,0,0,0,0,0,1,0,0,0,1,0,0,0,0,0,0,0,0,0,0,0,,1,1,0,0,1,0,0
Schernfeld,3285,52.24,62.88,Gemeinde,VG Eichstätt,"Birkhof, Rupertsbuch, Sappenfeld, Schernfeld, Schönau, Schönfeld, Workerszell u.a.","Gundekarstraße 7a, 85072 Eichstätt",https://www.schernfeld.de,JZ,19.08.2026,vollständig,1,0,0,0,0,0,0,0,0,0,0,0,0,0,0,0,0,0,0,0,0,0,0,1,0,0,0,0,0,0,0,0,0,,1,0,0,0,1,0,0
Stammham,4159,39.04,106.53,Gemeinde,keine,"Appertshofen, Köschinger Waldhaus, Neuhau, Stammham, Westerhof","Nürnberger Straße 9, 85134 Stammham",https://www.stammham.de,JZ,19.08.2026,vollständig,2,0,0,0,0,0,0,0,0,0,0,0,0,0,0,0,2,0,0,0,0,0,1,0,0,0,0,0,0,0,0,0,0,,2,2,0,0,1,0,0
Titting,2688,71.1,37.81,Markt,keine,"Altdorf, Emsing, Erkertshofen, Großnottersdorf, Kaldorf, Mantlach, Morsbach, Titting u.a.","Rathausplatz 1, 85135 Titting",https://www.titting.de,JZ,19.08.2026,vollständig,1,0,0,0,0,0,0,0,0,0,0,0,0,0,0,0,1,1,0,0,1,1,0,0,0,0,0,1,0,0,0,0,0,,1,2,0,0,1,1,0
Walting,2289,39.75,57.58,Gemeinde,VG Eichstätt,"Affenthal, Gungolding, Inching, Isenbrunn, Pfalzpaint, Pfünz, Rapperszell, Rieshofen, Walting","Gundekarstraße 7a, 85072 Eichstätt",https://walting.com,JZ,19.08.2026,vollständig,0,0,0,0,0,0,0,0,0,0,0,0,0,0,0,0,0,0,0,0,0,0,0,0,0,0,0,0,0,0,0,0,0,,0,0,0,0,0,0,0
Wellheim,2725,33.81,80.6,Markt,keine,"Aicha, Biesenhard, Espenlohe, Gammersfeld, Hard, Konstein, Wellheim, Wielandshöfe","Marktplatz 2, 91809 Wellheim",https://www.wellheim.de,JZ,19.08.2026,vollständig,4,0,0,0,0,0,0,0,0,0,0,0,0,0,0,0,1,0,1,0,0,0,0,0,0,0,0,0,0,0,0,0,0,,4,1,1,1,0,0,0
Wettstetten,5205,12.47,417.4,Gemeinde,keine,"Adlmannsberg, Echenzell, Wettstetten","Kirchplatz 10, 85139 Wettstetten",https://www.wettstetten.de,JZ,19.08.2026,vollständig,5,0,0,0,0,0,0,0,1,0,1,1,0,0,0,0,0,0,1,0,1,0,1,0,0,0,0,0,0,0,0,0,0,,8,0,1,1,1,0,0
